UF,Programa Nacional,Previsto Original em 2025,Previsto Ajustado em 2025,Despesa Executado em 2025,Total de Atendimentos em 2025,,Ano,Mes,Previsto Original em 2024,Previsto Ajustado em 2024,Despesa Executado em 2024,Total de Atendimentos em 2024,Previsto Original em 2023,Previsto Ajustado em 2023,Despesa Executado em 2023,Total de Atendimentos em 2023,Previsto Original em 2022,Previsto Ajustado em 2022,Despesa Executado em 2022,Total de Atendimentos em 2022,Previsto Original em 2021,Previsto Ajustado em 2021,Despesa Executado em 2021,Total de Atendimentos em 2021,Previsto Original em 2020,Previsto Ajustado em 2020,Despesa Executado em 2020,Total de Atendimentos em 2020,Previsto Original em 2019,Previsto Ajustado em 2019,Despesa Executado em 2019,Total de Atendimentos em 2019,Previsto Original em 2018,Previsto Ajustado em 2018,Despesa Executado em 2018,Total de Atendimentos em 2018,Previsto Original em 2017,Previsto Ajustado em 2017,Despesa Executado em 2017,Total de Atendimentos em 2017,Previsto Original em 2016,Previsto Ajustado em 2016,Despesa Executado em 2016,Total de Atendimentos em 2016,Previsto Original em 2015,Previsto Ajustado em 2015,Despesa Executado em 2015,Total de Atendimentos em 2015
TO,Cidades e Territórios Empreendedores,"R$6.764.914,00","R$2.000.940,00","R$53.827,26",0,,2025,Janeiro,nan,nan,nan,nan,nan,nan,nan,nan,nan,nan,nan,nan,nan,nan,nan,nan,nan,nan,nan,nan,nan,nan,nan,nan,nan,nan,nan,nan,nan,nan,nan,nan,nan,nan,nan,nan,nan,nan,nan,nan
TO,Cliente 360,"R$29.862.264,00","R$29.862.264,00","R$278.927,63",4.967,,2025,Janeiro,nan,nan,nan,nan,nan,nan,nan,nan,nan,nan,nan,nan,nan,nan,nan,nan,nan,nan,nan,nan,nan,nan,nan,nan,nan,nan,nan,nan,nan,nan,nan,nan,nan,nan,nan,nan,nan,nan,nan,nan
TO,Conecta Tech,"R$3.428.571,00","R$3.428.571,00","R$164.054,88",0,,2025,Janeiro,nan,nan,nan,nan,nan,nan,nan,nan,nan,nan,nan,nan,nan,nan,nan,nan,nan,nan,nan,nan,nan,nan,nan,nan,nan,nan,nan,nan,nan,nan,nan,nan,nan,nan,nan,nan,nan,nan,nan,nan
TO,Conexão Financeira,"R$350.000,00","R$350.000,00","R$409,87",5,,2025,Janeiro,nan,nan,nan,nan,nan,nan,nan,nan,nan,nan,nan,nan,nan,nan,nan,nan,nan,nan,nan,nan,nan,nan,nan,nan,nan,nan,nan,nan,nan,nan,nan,nan,nan,nan,nan,nan,nan,nan,nan,nan
TO,Conexões Corporativas,"R$440.000,00","R$440.000,00","R$0,00",0,,2025,Janeiro,nan,nan,nan,nan,nan,nan,nan,nan,nan,nan,nan,nan,nan,nan,nan,nan,nan,nan,nan,nan,nan,nan,nan,nan,nan,nan,nan,nan,nan,nan,nan,nan,nan,nan,nan,nan,nan,nan,nan,nan
TO,Educação que Transforma,"R$1.428.571,00","R$1.428.571,00","R$46.069,78",1.094,,2025,Janeiro,nan,nan,nan,nan,nan,nan,nan,nan,nan,nan,nan,nan,nan,nan,nan,nan,nan,nan,nan,nan,nan,nan,nan,nan,nan,nan,nan,nan,nan,nan,nan,nan,nan,nan,nan,nan,nan,nan,nan,nan
TO,Humanizar,"R$1.220.000,00","R$1.220.000,00","R$0,00",0,,2025,Janeiro,nan,nan,nan,nan,nan,nan,nan,nan,nan,nan,nan,nan,nan,nan,nan,nan,nan,nan,nan,nan,nan,nan,nan,nan,nan,nan,nan,nan,nan,nan,nan,nan,nan,nan,nan,nan,nan,nan,nan,nan
TO,Impulsionar Negócios,"R$3.861.429,00","R$3.861.429,00","R$89.910,00",0,,2025,Janeiro,nan,nan,nan,nan,nan,nan,nan,nan,nan,nan,nan,nan,nan,nan,nan,nan,nan,nan,nan,nan,nan,nan,nan,nan,nan,nan,nan,nan,nan,nan,nan,nan,nan,nan,nan,nan,nan,nan,nan,nan
TO,Impulso Tecnológico,"R$785.714,00","R$785.714,00","R$31.706,00",82,,2025,Janeiro,nan,nan,nan,nan,nan,nan,nan,nan,nan,nan,nan,nan,nan,nan,nan,nan,nan,nan,nan,nan,nan,nan,nan,nan,nan,nan,nan,nan,nan,nan,nan,nan,nan,nan,nan,nan,nan,nan,nan,nan
TO,Saber em Ação,"R$208.571,00","R$224.899,00","R$0,00",0,,2025,Janeiro,nan,nan,nan,nan,nan,nan,nan,nan,nan,nan,nan,nan,nan,nan,nan,nan,nan,nan,nan,nan,nan,nan,nan,nan,nan,nan,nan,nan,nan,nan,nan,nan,nan,nan,nan,nan,nan,nan,nan,nan
TO,Cidades e Territórios Empreendedores,"R$6.764.914,00","R$5.352.940,00","R$110.234,61",0,,2025,Fevereiro,nan,nan,nan,nan,nan,nan,nan,nan,nan,nan,nan,nan,nan,nan,nan,nan,nan,nan,nan,nan,nan,nan,nan,nan,nan,nan,nan,nan,nan,nan,nan,nan,nan,nan,nan,nan,nan,nan,nan,nan
TO,Cliente 360,"R$29.862.264,00","R$29.862.264,00","R$2.311.830,28",13.602,,2025,Fevereiro,nan,nan,nan,nan,nan,nan,nan,nan,nan,nan,nan,nan,nan,nan,nan,nan,nan,nan,nan,nan,nan,nan,nan,nan,nan,nan,nan,nan,nan,nan,nan,nan,nan,nan,nan,nan,nan,nan,nan,nan
TO,Conecta Tech,"R$3.428.571,00","R$3.428.571,00","R$522.386,62",0,,2025,Fevereiro,nan,nan,nan,nan,nan,nan,nan,nan,nan,nan,nan,nan,nan,nan,nan,nan,nan,nan,nan,nan,nan,nan,nan,nan,nan,nan,nan,nan,nan,nan,nan,nan,nan,nan,nan,nan,nan,nan,nan,nan
TO,Conexão Financeira,"R$350.000,00","R$350.000,00","R$5.965,74",258,,2025,Fevereiro,nan,nan,nan,nan,nan,nan,nan,nan,nan,nan,nan,nan,nan,nan,nan,nan,nan,nan,nan,nan,nan,nan,nan,nan,nan,nan,nan,nan,nan,nan,nan,nan,nan,nan,nan,nan,nan,nan,nan,nan
TO,Conexões Corporativas,"R$440.000,00","R$110.000,00","R$0,00",0,,2025,Fevereiro,nan,nan,nan,nan,nan,nan,nan,nan,nan,nan,nan,nan,nan,nan,nan,nan,nan,nan,nan,nan,nan,nan,nan,nan,nan,nan,nan,nan,nan,nan,nan,nan,nan,nan,nan,nan,nan,nan,nan,nan
TO,DataBiz,"R$266.667,00","R$266.667,00","R$0,00",0,,2025,Fevereiro,nan,nan,nan,nan,nan,nan,nan,nan,nan,nan,nan,nan,nan,nan,nan,nan,nan,nan,nan,nan,nan,nan,nan,nan,nan,nan,nan,nan,nan,nan,nan,nan,nan,nan,nan,nan,nan,nan,nan,nan
TO,Educação que Transforma,"R$1.428.571,00","R$1.478.571,00","R$272.663,49",9.138,,2025,Fevereiro,nan,nan,nan,nan,nan,nan,nan,nan,nan,nan,nan,nan,nan,nan,nan,nan,nan,nan,nan,nan,nan,nan,nan,nan,nan,nan,nan,nan,nan,nan,nan,nan,nan,nan,nan,nan,nan,nan,nan,nan
TO,Governança Empreendedora,"R$260.000,00","R$260.000,00","R$0,00",0,,2025,Fevereiro,nan,nan,nan,nan,nan,nan,nan,nan,nan,nan,nan,nan,nan,nan,nan,nan,nan,nan,nan,nan,nan,nan,nan,nan,nan,nan,nan,nan,nan,nan,nan,nan,nan,nan,nan,nan,nan,nan,nan,nan
TO,Humanizar,"R$1.220.000,00","R$1.660.870,00","R$23.112,46",0,,2025,Fevereiro,nan,nan,nan,nan,nan,nan,nan,nan,nan,nan,nan,nan,nan,nan,nan,nan,nan,nan,nan,nan,nan,nan,nan,nan,nan,nan,nan,nan,nan,nan,nan,nan,nan,nan,nan,nan,nan,nan,nan,nan
TO,Impulsionar Negócios,"R$3.861.429,00","R$3.861.429,00","R$185.703,30",206,,2025,Fevereiro,nan,nan,nan,nan,nan,nan,nan,nan,nan,nan,nan,nan,nan,nan,nan,nan,nan,nan,nan,nan,nan,nan,nan,nan,nan,nan,nan,nan,nan,nan,nan,nan,nan,nan,nan,nan,nan,nan,nan,nan
TO,Impulso Tecnológico,"R$785.714,00","R$785.714,00","R$63.132,69",82,,2025,Fevereiro,nan,nan,nan,nan,nan,nan,nan,nan,nan,nan,nan,nan,nan,nan,nan,nan,nan,nan,nan,nan,nan,nan,nan,nan,nan,nan,nan,nan,nan,nan,nan,nan,nan,nan,nan,nan,nan,nan,nan,nan
TO,Move + Vendas,"R$142.857,00","R$142.857,00","R$0,00",0,,2025,Fevereiro,nan,nan,nan,nan,nan,nan,nan,nan,nan,nan,nan,nan,nan,nan,nan,nan,nan,nan,nan,nan,nan,nan,nan,nan,nan,nan,nan,nan,nan,nan,nan,nan,nan,nan,nan,nan,nan,nan,nan,nan
TO,Plural,"R$285.714,00","R$285.714,00","R$16.099,10",0,,2025,Fevereiro,nan,nan,nan,nan,nan,nan,nan,nan,nan,nan,nan,nan,nan,nan,nan,nan,nan,nan,nan,nan,nan,nan,nan,nan,nan,nan,nan,nan,nan,nan,nan,nan,nan,nan,nan,nan,nan,nan,nan,nan
TO,Saber em Ação,"R$208.571,00","R$324.899,00","R$64.670,65",0,,2025,Fevereiro,nan,nan,nan,nan,nan,nan,nan,nan,nan,nan,nan,nan,nan,nan,nan,nan,nan,nan,nan,nan,nan,nan,nan,nan,nan,nan,nan,nan,nan,nan,nan,nan,nan,nan,nan,nan,nan,nan,nan,nan
TO,Cidades e Territórios Empreendedores,"R$6.764.914,00","R$6.597.940,00","R$281.458,40",0,,2025,Março,nan,nan,nan,nan,nan,nan,nan,nan,nan,nan,nan,nan,nan,nan,nan,nan,nan,nan,nan,nan,nan,nan,nan,nan,nan,nan,nan,nan,nan,nan,nan,nan,nan,nan,nan,nan,nan,nan,nan,nan
TO,Cliente 360,"R$29.862.264,00","R$29.862.264,00","R$4.459.062,70",19.460,,2025,Março,nan,nan,nan,nan,nan,nan,nan,nan,nan,nan,nan,nan,nan,nan,nan,nan,nan,nan,nan,nan,nan,nan,nan,nan,nan,nan,nan,nan,nan,nan,nan,nan,nan,nan,nan,nan,nan,nan,nan,nan
TO,Conecta Tech,"R$3.428.571,00","R$3.428.571,00","R$884.814,62",0,,2025,Março,nan,nan,nan,nan,nan,nan,nan,nan,nan,nan,nan,nan,nan,nan,nan,nan,nan,nan,nan,nan,nan,nan,nan,nan,nan,nan,nan,nan,nan,nan,nan,nan,nan,nan,nan,nan,nan,nan,nan,nan
TO,Conexão Financeira,"R$350.000,00","R$350.000,00","R$11.815,74",302,,2025,Março,nan,nan,nan,nan,nan,nan,nan,nan,nan,nan,nan,nan,nan,nan,nan,nan,nan,nan,nan,nan,nan,nan,nan,nan,nan,nan,nan,nan,nan,nan,nan,nan,nan,nan,nan,nan,nan,nan,nan,nan
TO,Conexões Corporativas,"R$440.000,00","R$110.000,00","R$0,00",0,,2025,Março,nan,nan,nan,nan,nan,nan,nan,nan,nan,nan,nan,nan,nan,nan,nan,nan,nan,nan,nan,nan,nan,nan,nan,nan,nan,nan,nan,nan,nan,nan,nan,nan,nan,nan,nan,nan,nan,nan,nan,nan
TO,DataBiz,"R$2.133.336,00","R$2.133.336,00","R$0,00",0,,2025,Março,nan,nan,nan,nan,nan,nan,nan,nan,nan,nan,nan,nan,nan,nan,nan,nan,nan,nan,nan,nan,nan,nan,nan,nan,nan,nan,nan,nan,nan,nan,nan,nan,nan,nan,nan,nan,nan,nan,nan,nan
TO,Educação que Transforma,"R$1.428.571,00","R$1.708.571,00","R$357.996,22",9.820,,2025,Março,nan,nan,nan,nan,nan,nan,nan,nan,nan,nan,nan,nan,nan,nan,nan,nan,nan,nan,nan,nan,nan,nan,nan,nan,nan,nan,nan,nan,nan,nan,nan,nan,nan,nan,nan,nan,nan,nan,nan,nan
TO,Governança Empreendedora,"R$260.000,00","R$370.000,00","R$0,00",0,,2025,Março,nan,nan,nan,nan,nan,nan,nan,nan,nan,nan,nan,nan,nan,nan,nan,nan,nan,nan,nan,nan,nan,nan,nan,nan,nan,nan,nan,nan,nan,nan,nan,nan,nan,nan,nan,nan,nan,nan,nan,nan
TO,Humanizar,"R$1.220.000,00","R$1.660.870,00","R$151.040,80",0,,2025,Março,nan,nan,nan,nan,nan,nan,nan,nan,nan,nan,nan,nan,nan,nan,nan,nan,nan,nan,nan,nan,nan,nan,nan,nan,nan,nan,nan,nan,nan,nan,nan,nan,nan,nan,nan,nan,nan,nan,nan,nan
TO,Impulsionar Negócios,"R$3.861.429,00","R$3.911.429,00","R$264.492,85",302,,2025,Março,nan,nan,nan,nan,nan,nan,nan,nan,nan,nan,nan,nan,nan,nan,nan,nan,nan,nan,nan,nan,nan,nan,nan,nan,nan,nan,nan,nan,nan,nan,nan,nan,nan,nan,nan,nan,nan,nan,nan,nan
TO,Impulso Tecnológico,"R$785.714,00","R$785.714,00","R$109.052,82",82,,2025,Março,nan,nan,nan,nan,nan,nan,nan,nan,nan,nan,nan,nan,nan,nan,nan,nan,nan,nan,nan,nan,nan,nan,nan,nan,nan,nan,nan,nan,nan,nan,nan,nan,nan,nan,nan,nan,nan,nan,nan,nan
TO,Move + Vendas,"R$142.857,00","R$142.857,00","R$0,00",0,,2025,Março,nan,nan,nan,nan,nan,nan,nan,nan,nan,nan,nan,nan,nan,nan,nan,nan,nan,nan,nan,nan,nan,nan,nan,nan,nan,nan,nan,nan,nan,nan,nan,nan,nan,nan,nan,nan,nan,nan,nan,nan
TO,Plural,"R$285.714,00","R$285.714,00","R$57.321,85",0,,2025,Março,nan,nan,nan,nan,nan,nan,nan,nan,nan,nan,nan,nan,nan,nan,nan,nan,nan,nan,nan,nan,nan,nan,nan,nan,nan,nan,nan,nan,nan,nan,nan,nan,nan,nan,nan,nan,nan,nan,nan,nan
TO,Saber em Ação,"R$208.571,00","R$324.899,00","R$68.870,54",0,,2025,Março,nan,nan,nan,nan,nan,nan,nan,nan,nan,nan,nan,nan,nan,nan,nan,nan,nan,nan,nan,nan,nan,nan,nan,nan,nan,nan,nan,nan,nan,nan,nan,nan,nan,nan,nan,nan,nan,nan,nan,nan
TO,Cidades e Territórios Empreendedores,"R$6.764.914,00","R$6.597.940,00","R$359.587,07",0,,2025,Abril,nan,nan,nan,nan,nan,nan,nan,nan,nan,nan,nan,nan,nan,nan,nan,nan,nan,nan,nan,nan,nan,nan,nan,nan,nan,nan,nan,nan,nan,nan,nan,nan,nan,nan,nan,nan,nan,nan,nan,nan
TO,Cliente 360,"R$29.862.264,00","R$29.862.264,00","R$6.758.095,47",25.580,,2025,Abril,nan,nan,nan,nan,nan,nan,nan,nan,nan,nan,nan,nan,nan,nan,nan,nan,nan,nan,nan,nan,nan,nan,nan,nan,nan,nan,nan,nan,nan,nan,nan,nan,nan,nan,nan,nan,nan,nan,nan,nan
TO,Conecta Tech,"R$3.428.571,00","R$3.428.571,00","R$1.766.353,18",0,,2025,Abril,nan,nan,nan,nan,nan,nan,nan,nan,nan,nan,nan,nan,nan,nan,nan,nan,nan,nan,nan,nan,nan,nan,nan,nan,nan,nan,nan,nan,nan,nan,nan,nan,nan,nan,nan,nan,nan,nan,nan,nan
TO,Conexão Financeira,"R$350.000,00","R$350.000,00","R$41.115,47",412,,2025,Abril,nan,nan,nan,nan,nan,nan,nan,nan,nan,nan,nan,nan,nan,nan,nan,nan,nan,nan,nan,nan,nan,nan,nan,nan,nan,nan,nan,nan,nan,nan,nan,nan,nan,nan,nan,nan,nan,nan,nan,nan
TO,Conexões Corporativas,"R$440.000,00","R$110.000,00","R$0,00",0,,2025,Abril,nan,nan,nan,nan,nan,nan,nan,nan,nan,nan,nan,nan,nan,nan,nan,nan,nan,nan,nan,nan,nan,nan,nan,nan,nan,nan,nan,nan,nan,nan,nan,nan,nan,nan,nan,nan,nan,nan,nan,nan
TO,DataBiz,"R$2.133.336,00","R$2.133.336,00","R$0,00",0,,2025,Abril,nan,nan,nan,nan,nan,nan,nan,nan,nan,nan,nan,nan,nan,nan,nan,nan,nan,nan,nan,nan,nan,nan,nan,nan,nan,nan,nan,nan,nan,nan,nan,nan,nan,nan,nan,nan,nan,nan,nan,nan
TO,Educação que Transforma,"R$1.428.571,00","R$1.708.571,00","R$622.639,03",21.835,,2025,Abril,nan,nan,nan,nan,nan,nan,nan,nan,nan,nan,nan,nan,nan,nan,nan,nan,nan,nan,nan,nan,nan,nan,nan,nan,nan,nan,nan,nan,nan,nan,nan,nan,nan,nan,nan,nan,nan,nan,nan,nan
TO,Governança Empreendedora,"R$260.000,00","R$370.000,00","R$99.862,91",0,,2025,Abril,nan,nan,nan,nan,nan,nan,nan,nan,nan,nan,nan,nan,nan,nan,nan,nan,nan,nan,nan,nan,nan,nan,nan,nan,nan,nan,nan,nan,nan,nan,nan,nan,nan,nan,nan,nan,nan,nan,nan,nan
TO,Humanizar,"R$1.220.000,00","R$1.660.870,00","R$214.656,68",0,,2025,Abril,nan,nan,nan,nan,nan,nan,nan,nan,nan,nan,nan,nan,nan,nan,nan,nan,nan,nan,nan,nan,nan,nan,nan,nan,nan,nan,nan,nan,nan,nan,nan,nan,nan,nan,nan,nan,nan,nan,nan,nan
TO,Impulsionar Negócios,"R$3.861.429,00","R$3.911.429,00","R$358.674,08",309,,2025,Abril,nan,nan,nan,nan,nan,nan,nan,nan,nan,nan,nan,nan,nan,nan,nan,nan,nan,nan,nan,nan,nan,nan,nan,nan,nan,nan,nan,nan,nan,nan,nan,nan,nan,nan,nan,nan,nan,nan,nan,nan
TO,Impulso Tecnológico,"R$785.714,00","R$785.714,00","R$177.087,16",82,,2025,Abril,nan,nan,nan,nan,nan,nan,nan,nan,nan,nan,nan,nan,nan,nan,nan,nan,nan,nan,nan,nan,nan,nan,nan,nan,nan,nan,nan,nan,nan,nan,nan,nan,nan,nan,nan,nan,nan,nan,nan,nan
TO,Move + Vendas,"R$142.857,00","R$142.857,00","R$0,00",0,,2025,Abril,nan,nan,nan,nan,nan,nan,nan,nan,nan,nan,nan,nan,nan,nan,nan,nan,nan,nan,nan,nan,nan,nan,nan,nan,nan,nan,nan,nan,nan,nan,nan,nan,nan,nan,nan,nan,nan,nan,nan,nan
TO,Plural,"R$285.714,00","R$285.714,00","R$59.369,35",0,,2025,Abril,nan,nan,nan,nan,nan,nan,nan,nan,nan,nan,nan,nan,nan,nan,nan,nan,nan,nan,nan,nan,nan,nan,nan,nan,nan,nan,nan,nan,nan,nan,nan,nan,nan,nan,nan,nan,nan,nan,nan,nan
TO,Saber em Ação,"R$208.571,00","R$224.899,00","R$12.869,17",0,,2025,Abril,nan,nan,nan,nan,nan,nan,nan,nan,nan,nan,nan,nan,nan,nan,nan,nan,nan,nan,nan,nan,nan,nan,nan,nan,nan,nan,nan,nan,nan,nan,nan,nan,nan,nan,nan,nan,nan,nan,nan,nan
TO,Cidades e Territórios Empreendedores,"R$6.764.914,00","R$6.764.914,00","R$508.715,92",0,,2025,Maio,nan,nan,nan,nan,nan,nan,nan,nan,nan,nan,nan,nan,nan,nan,nan,nan,nan,nan,nan,nan,nan,nan,nan,nan,nan,nan,nan,nan,nan,nan,nan,nan,nan,nan,nan,nan,nan,nan,nan,nan
TO,Cliente 360,"R$29.862.264,00","R$29.862.264,00","R$9.611.049,25",39.030,,2025,Maio,nan,nan,nan,nan,nan,nan,nan,nan,nan,nan,nan,nan,nan,nan,nan,nan,nan,nan,nan,nan,nan,nan,nan,nan,nan,nan,nan,nan,nan,nan,nan,nan,nan,nan,nan,nan,nan,nan,nan,nan
TO,Conecta Tech,"R$3.428.571,00","R$3.428.571,00","R$2.387.447,36",0,,2025,Maio,nan,nan,nan,nan,nan,nan,nan,nan,nan,nan,nan,nan,nan,nan,nan,nan,nan,nan,nan,nan,nan,nan,nan,nan,nan,nan,nan,nan,nan,nan,nan,nan,nan,nan,nan,nan,nan,nan,nan,nan
TO,Conexão Financeira,"R$350.000,00","R$350.000,00","R$53.102,97",635,,2025,Maio,nan,nan,nan,nan,nan,nan,nan,nan,nan,nan,nan,nan,nan,nan,nan,nan,nan,nan,nan,nan,nan,nan,nan,nan,nan,nan,nan,nan,nan,nan,nan,nan,nan,nan,nan,nan,nan,nan,nan,nan
TO,Conexões Corporativas,"R$440.000,00","R$110.000,00","R$0,00",0,,2025,Maio,nan,nan,nan,nan,nan,nan,nan,nan,nan,nan,nan,nan,nan,nan,nan,nan,nan,nan,nan,nan,nan,nan,nan,nan,nan,nan,nan,nan,nan,nan,nan,nan,nan,nan,nan,nan,nan,nan,nan,nan
TO,DataBiz,"R$2.133.336,00","R$2.133.336,00","R$0,00",0,,2025,Maio,nan,nan,nan,nan,nan,nan,nan,nan,nan,nan,nan,nan,nan,nan,nan,nan,nan,nan,nan,nan,nan,nan,nan,nan,nan,nan,nan,nan,nan,nan,nan,nan,nan,nan,nan,nan,nan,nan,nan,nan
TO,Educação que Transforma,"R$1.428.571,00","R$1.708.571,00","R$727.833,98",27.504,,2025,Maio,nan,nan,nan,nan,nan,nan,nan,nan,nan,nan,nan,nan,nan,nan,nan,nan,nan,nan,nan,nan,nan,nan,nan,nan,nan,nan,nan,nan,nan,nan,nan,nan,nan,nan,nan,nan,nan,nan,nan,nan
TO,Governança Empreendedora,"R$260.000,00","R$370.000,00","R$122.949,41",0,,2025,Maio,nan,nan,nan,nan,nan,nan,nan,nan,nan,nan,nan,nan,nan,nan,nan,nan,nan,nan,nan,nan,nan,nan,nan,nan,nan,nan,nan,nan,nan,nan,nan,nan,nan,nan,nan,nan,nan,nan,nan,nan
TO,Humanizar,"R$1.220.000,00","R$1.660.870,00","R$292.983,05",0,,2025,Maio,nan,nan,nan,nan,nan,nan,nan,nan,nan,nan,nan,nan,nan,nan,nan,nan,nan,nan,nan,nan,nan,nan,nan,nan,nan,nan,nan,nan,nan,nan,nan,nan,nan,nan,nan,nan,nan,nan,nan,nan
TO,Impulsionar Negócios,"R$3.861.429,00","R$3.911.429,00","R$606.064,87",368,,2025,Maio,nan,nan,nan,nan,nan,nan,nan,nan,nan,nan,nan,nan,nan,nan,nan,nan,nan,nan,nan,nan,nan,nan,nan,nan,nan,nan,nan,nan,nan,nan,nan,nan,nan,nan,nan,nan,nan,nan,nan,nan
TO,Impulso Tecnológico,"R$785.714,00","R$785.714,00","R$210.155,83",82,,2025,Maio,nan,nan,nan,nan,nan,nan,nan,nan,nan,nan,nan,nan,nan,nan,nan,nan,nan,nan,nan,nan,nan,nan,nan,nan,nan,nan,nan,nan,nan,nan,nan,nan,nan,nan,nan,nan,nan,nan,nan,nan
TO,Move + Vendas,"R$142.857,00","R$142.857,00","R$0,00",0,,2025,Maio,nan,nan,nan,nan,nan,nan,nan,nan,nan,nan,nan,nan,nan,nan,nan,nan,nan,nan,nan,nan,nan,nan,nan,nan,nan,nan,nan,nan,nan,nan,nan,nan,nan,nan,nan,nan,nan,nan,nan,nan
TO,Plural,"R$285.714,00","R$285.714,00","R$59.369,35",0,,2025,Maio,nan,nan,nan,nan,nan,nan,nan,nan,nan,nan,nan,nan,nan,nan,nan,nan,nan,nan,nan,nan,nan,nan,nan,nan,nan,nan,nan,nan,nan,nan,nan,nan,nan,nan,nan,nan,nan,nan,nan,nan
TO,Saber em Ação,"R$208.571,00","R$224.899,00","R$32.636,67",0,,2025,Maio,nan,nan,nan,nan,nan,nan,nan,nan,nan,nan,nan,nan,nan,nan,nan,nan,nan,nan,nan,nan,nan,nan,nan,nan,nan,nan,nan,nan,nan,nan,nan,nan,nan,nan,nan,nan,nan,nan,nan,nan
TO,Cidades e Territórios Empreendedores,"R$6.764.914,00","R$6.764.914,00","R$1.096.045,98",0,,2025,Junho,nan,nan,nan,nan,nan,nan,nan,nan,nan,nan,nan,nan,nan,nan,nan,nan,nan,nan,nan,nan,nan,nan,nan,nan,nan,nan,nan,nan,nan,nan,nan,nan,nan,nan,nan,nan,nan,nan,nan,nan
TO,Cliente 360,"R$29.862.264,00","R$29.862.264,00","R$14.125.361,76",50.199,,2025,Junho,nan,nan,nan,nan,nan,nan,nan,nan,nan,nan,nan,nan,nan,nan,nan,nan,nan,nan,nan,nan,nan,nan,nan,nan,nan,nan,nan,nan,nan,nan,nan,nan,nan,nan,nan,nan,nan,nan,nan,nan
TO,Conecta Tech,"R$3.428.571,00","R$3.428.571,00","R$2.727.136,24",0,,2025,Junho,nan,nan,nan,nan,nan,nan,nan,nan,nan,nan,nan,nan,nan,nan,nan,nan,nan,nan,nan,nan,nan,nan,nan,nan,nan,nan,nan,nan,nan,nan,nan,nan,nan,nan,nan,nan,nan,nan,nan,nan
TO,Conexão Financeira,"R$350.000,00","R$350.000,00","R$103.796,87",876,,2025,Junho,nan,nan,nan,nan,nan,nan,nan,nan,nan,nan,nan,nan,nan,nan,nan,nan,nan,nan,nan,nan,nan,nan,nan,nan,nan,nan,nan,nan,nan,nan,nan,nan,nan,nan,nan,nan,nan,nan,nan,nan
TO,Conexões Corporativas,"R$440.000,00","R$110.000,00","R$0,00",0,,2025,Junho,nan,nan,nan,nan,nan,nan,nan,nan,nan,nan,nan,nan,nan,nan,nan,nan,nan,nan,nan,nan,nan,nan,nan,nan,nan,nan,nan,nan,nan,nan,nan,nan,nan,nan,nan,nan,nan,nan,nan,nan
TO,DataBiz,"R$2.133.336,00","R$2.133.336,00","R$0,00",0,,2025,Junho,nan,nan,nan,nan,nan,nan,nan,nan,nan,nan,nan,nan,nan,nan,nan,nan,nan,nan,nan,nan,nan,nan,nan,nan,nan,nan,nan,nan,nan,nan,nan,nan,nan,nan,nan,nan,nan,nan,nan,nan
TO,Educação que Transforma,"R$1.428.571,00","R$1.708.571,00","R$807.276,59",33.366,,2025,Junho,nan,nan,nan,nan,nan,nan,nan,nan,nan,nan,nan,nan,nan,nan,nan,nan,nan,nan,nan,nan,nan,nan,nan,nan,nan,nan,nan,nan,nan,nan,nan,nan,nan,nan,nan,nan,nan,nan,nan,nan
TO,Governança Empreendedora,"R$260.000,00","R$370.000,00","R$122.949,41",0,,2025,Junho,nan,nan,nan,nan,nan,nan,nan,nan,nan,nan,nan,nan,nan,nan,nan,nan,nan,nan,nan,nan,nan,nan,nan,nan,nan,nan,nan,nan,nan,nan,nan,nan,nan,nan,nan,nan,nan,nan,nan,nan
TO,Humanizar,"R$1.220.000,00","R$1.660.870,00","R$380.177,21",0,,2025,Junho,nan,nan,nan,nan,nan,nan,nan,nan,nan,nan,nan,nan,nan,nan,nan,nan,nan,nan,nan,nan,nan,nan,nan,nan,nan,nan,nan,nan,nan,nan,nan,nan,nan,nan,nan,nan,nan,nan,nan,nan
TO,Impulsionar Negócios,"R$3.861.429,00","R$5.028.429,00","R$808.060,98",857,,2025,Junho,nan,nan,nan,nan,nan,nan,nan,nan,nan,nan,nan,nan,nan,nan,nan,nan,nan,nan,nan,nan,nan,nan,nan,nan,nan,nan,nan,nan,nan,nan,nan,nan,nan,nan,nan,nan,nan,nan,nan,nan
TO,Impulso Tecnológico,"R$785.714,00","R$715.714,00","R$250.481,53",138,,2025,Junho,nan,nan,nan,nan,nan,nan,nan,nan,nan,nan,nan,nan,nan,nan,nan,nan,nan,nan,nan,nan,nan,nan,nan,nan,nan,nan,nan,nan,nan,nan,nan,nan,nan,nan,nan,nan,nan,nan,nan,nan
TO,Move + Vendas,"R$142.857,00","R$142.857,00","R$0,00",0,,2025,Junho,nan,nan,nan,nan,nan,nan,nan,nan,nan,nan,nan,nan,nan,nan,nan,nan,nan,nan,nan,nan,nan,nan,nan,nan,nan,nan,nan,nan,nan,nan,nan,nan,nan,nan,nan,nan,nan,nan,nan,nan
TO,Plural,"R$285.714,00","R$285.714,00","R$59.369,35",0,,2025,Junho,nan,nan,nan,nan,nan,nan,nan,nan,nan,nan,nan,nan,nan,nan,nan,nan,nan,nan,nan,nan,nan,nan,nan,nan,nan,nan,nan,nan,nan,nan,nan,nan,nan,nan,nan,nan,nan,nan,nan,nan
TO,Saber em Ação,"R$208.571,00","R$224.899,00","R$56.939,91",0,,2025,Junho,nan,nan,nan,nan,nan,nan,nan,nan,nan,nan,nan,nan,nan,nan,nan,nan,nan,nan,nan,nan,nan,nan,nan,nan,nan,nan,nan,nan,nan,nan,nan,nan,nan,nan,nan,nan,nan,nan,nan,nan
TO,Cidades e Territórios Empreendedores,"R$6.764.914,00","R$6.764.914,00","R$1.761.070,73",0,,2025,Julho,nan,nan,nan,nan,nan,nan,nan,nan,nan,nan,nan,nan,nan,nan,nan,nan,nan,nan,nan,nan,nan,nan,nan,nan,nan,nan,nan,nan,nan,nan,nan,nan,nan,nan,nan,nan,nan,nan,nan,nan
TO,Cliente 360,"R$29.862.264,00","R$29.447.264,00","R$15.827.704,47",64.370,,2025,Julho,nan,nan,nan,nan,nan,nan,nan,nan,nan,nan,nan,nan,nan,nan,nan,nan,nan,nan,nan,nan,nan,nan,nan,nan,nan,nan,nan,nan,nan,nan,nan,nan,nan,nan,nan,nan,nan,nan,nan,nan
TO,Conecta Tech,"R$3.428.571,00","R$3.428.571,00","R$2.994.293,60",0,,2025,Julho,nan,nan,nan,nan,nan,nan,nan,nan,nan,nan,nan,nan,nan,nan,nan,nan,nan,nan,nan,nan,nan,nan,nan,nan,nan,nan,nan,nan,nan,nan,nan,nan,nan,nan,nan,nan,nan,nan,nan,nan
TO,Conexão Financeira,"R$350.000,00","R$350.000,00","R$124.474,07",1.129,,2025,Julho,nan,nan,nan,nan,nan,nan,nan,nan,nan,nan,nan,nan,nan,nan,nan,nan,nan,nan,nan,nan,nan,nan,nan,nan,nan,nan,nan,nan,nan,nan,nan,nan,nan,nan,nan,nan,nan,nan,nan,nan
TO,Conexões Corporativas,"R$440.000,00","R$110.000,00","R$0,00",0,,2025,Julho,nan,nan,nan,nan,nan,nan,nan,nan,nan,nan,nan,nan,nan,nan,nan,nan,nan,nan,nan,nan,nan,nan,nan,nan,nan,nan,nan,nan,nan,nan,nan,nan,nan,nan,nan,nan,nan,nan,nan,nan
TO,DataBiz,"R$2.133.336,00","R$2.133.336,00","R$0,00",0,,2025,Julho,nan,nan,nan,nan,nan,nan,nan,nan,nan,nan,nan,nan,nan,nan,nan,nan,nan,nan,nan,nan,nan,nan,nan,nan,nan,nan,nan,nan,nan,nan,nan,nan,nan,nan,nan,nan,nan,nan,nan,nan
TO,Educação que Transforma,"R$1.428.571,00","R$1.872.571,00","R$955.993,97",35.292,,2025,Julho,nan,nan,nan,nan,nan,nan,nan,nan,nan,nan,nan,nan,nan,nan,nan,nan,nan,nan,nan,nan,nan,nan,nan,nan,nan,nan,nan,nan,nan,nan,nan,nan,nan,nan,nan,nan,nan,nan,nan,nan
TO,Governança Empreendedora,"R$260.000,00","R$370.000,00","R$127.949,41",0,,2025,Julho,nan,nan,nan,nan,nan,nan,nan,nan,nan,nan,nan,nan,nan,nan,nan,nan,nan,nan,nan,nan,nan,nan,nan,nan,nan,nan,nan,nan,nan,nan,nan,nan,nan,nan,nan,nan,nan,nan,nan,nan
TO,Humanizar,"R$1.220.000,00","R$1.628.870,00","R$407.559,16",0,,2025,Julho,nan,nan,nan,nan,nan,nan,nan,nan,nan,nan,nan,nan,nan,nan,nan,nan,nan,nan,nan,nan,nan,nan,nan,nan,nan,nan,nan,nan,nan,nan,nan,nan,nan,nan,nan,nan,nan,nan,nan,nan
TO,Impulsionar Negócios,"R$3.861.429,00","R$5.028.429,00","R$1.236.111,46",1.299,,2025,Julho,nan,nan,nan,nan,nan,nan,nan,nan,nan,nan,nan,nan,nan,nan,nan,nan,nan,nan,nan,nan,nan,nan,nan,nan,nan,nan,nan,nan,nan,nan,nan,nan,nan,nan,nan,nan,nan,nan,nan,nan
TO,Impulso Tecnológico,"R$785.714,00","R$715.714,00","R$316.705,29",186,,2025,Julho,nan,nan,nan,nan,nan,nan,nan,nan,nan,nan,nan,nan,nan,nan,nan,nan,nan,nan,nan,nan,nan,nan,nan,nan,nan,nan,nan,nan,nan,nan,nan,nan,nan,nan,nan,nan,nan,nan,nan,nan
TO,Move + Vendas,"R$142.857,00","R$142.857,00","R$0,00",0,,2025,Julho,nan,nan,nan,nan,nan,nan,nan,nan,nan,nan,nan,nan,nan,nan,nan,nan,nan,nan,nan,nan,nan,nan,nan,nan,nan,nan,nan,nan,nan,nan,nan,nan,nan,nan,nan,nan,nan,nan,nan,nan
TO,Plural,"R$285.714,00","R$285.714,00","R$59.369,35",0,,2025,Julho,nan,nan,nan,nan,nan,nan,nan,nan,nan,nan,nan,nan,nan,nan,nan,nan,nan,nan,nan,nan,nan,nan,nan,nan,nan,nan,nan,nan,nan,nan,nan,nan,nan,nan,nan,nan,nan,nan,nan,nan
TO,Saber em Ação,"R$208.571,00","R$256.899,00","R$81.243,15",0,,2025,Julho,nan,nan,nan,nan,nan,nan,nan,nan,nan,nan,nan,nan,nan,nan,nan,nan,nan,nan,nan,nan,nan,nan,nan,nan,nan,nan,nan,nan,nan,nan,nan,nan,nan,nan,nan,nan,nan,nan,nan,nan
TO,Cidades e Territórios Empreendedores,"R$6.764.914,00","R$6.764.914,00","R$1.821.435,92",0,,2025,Agosto,nan,nan,nan,nan,nan,nan,nan,nan,nan,nan,nan,nan,nan,nan,nan,nan,nan,nan,nan,nan,nan,nan,nan,nan,nan,nan,nan,nan,nan,nan,nan,nan,nan,nan,nan,nan,nan,nan,nan,nan
TO,Cliente 360,"R$29.862.264,00","R$29.247.264,00","R$16.116.398,19",71.020,,2025,Agosto,nan,nan,nan,nan,nan,nan,nan,nan,nan,nan,nan,nan,nan,nan,nan,nan,nan,nan,nan,nan,nan,nan,nan,nan,nan,nan,nan,nan,nan,nan,nan,nan,nan,nan,nan,nan,nan,nan,nan,nan
TO,Conecta Tech,"R$3.428.571,00","R$3.428.571,00","R$2.994.293,60",0,,2025,Agosto,nan,nan,nan,nan,nan,nan,nan,nan,nan,nan,nan,nan,nan,nan,nan,nan,nan,nan,nan,nan,nan,nan,nan,nan,nan,nan,nan,nan,nan,nan,nan,nan,nan,nan,nan,nan,nan,nan,nan,nan
TO,Conexão Financeira,"R$350.000,00","R$350.000,00","R$126.874,07",1.168,,2025,Agosto,nan,nan,nan,nan,nan,nan,nan,nan,nan,nan,nan,nan,nan,nan,nan,nan,nan,nan,nan,nan,nan,nan,nan,nan,nan,nan,nan,nan,nan,nan,nan,nan,nan,nan,nan,nan,nan,nan,nan,nan
TO,Conexões Corporativas,"R$440.000,00","R$110.000,00","R$0,00",0,,2025,Agosto,nan,nan,nan,nan,nan,nan,nan,nan,nan,nan,nan,nan,nan,nan,nan,nan,nan,nan,nan,nan,nan,nan,nan,nan,nan,nan,nan,nan,nan,nan,nan,nan,nan,nan,nan,nan,nan,nan,nan,nan
TO,DataBiz,"R$2.133.336,00","R$2.133.336,00","R$0,00",0,,2025,Agosto,nan,nan,nan,nan,nan,nan,nan,nan,nan,nan,nan,nan,nan,nan,nan,nan,nan,nan,nan,nan,nan,nan,nan,nan,nan,nan,nan,nan,nan,nan,nan,nan,nan,nan,nan,nan,nan,nan,nan,nan
TO,Educação que Transforma,"R$1.428.571,00","R$1.948.571,00","R$961.218,97",42.027,,2025,Agosto,nan,nan,nan,nan,nan,nan,nan,nan,nan,nan,nan,nan,nan,nan,nan,nan,nan,nan,nan,nan,nan,nan,nan,nan,nan,nan,nan,nan,nan,nan,nan,nan,nan,nan,nan,nan,nan,nan,nan,nan
TO,Governança Empreendedora,"R$260.000,00","R$370.000,00","R$126.296,29",0,,2025,Agosto,nan,nan,nan,nan,nan,nan,nan,nan,nan,nan,nan,nan,nan,nan,nan,nan,nan,nan,nan,nan,nan,nan,nan,nan,nan,nan,nan,nan,nan,nan,nan,nan,nan,nan,nan,nan,nan,nan,nan,nan
TO,Humanizar,"R$1.220.000,00","R$1.628.870,00","R$418.049,31",0,,2025,Agosto,nan,nan,nan,nan,nan,nan,nan,nan,nan,nan,nan,nan,nan,nan,nan,nan,nan,nan,nan,nan,nan,nan,nan,nan,nan,nan,nan,nan,nan,nan,nan,nan,nan,nan,nan,nan,nan,nan,nan,nan
TO,Impulsionar Negócios,"R$3.861.429,00","R$4.952.429,00","R$1.367.734,98",1.492,,2025,Agosto,nan,nan,nan,nan,nan,nan,nan,nan,nan,nan,nan,nan,nan,nan,nan,nan,nan,nan,nan,nan,nan,nan,nan,nan,nan,nan,nan,nan,nan,nan,nan,nan,nan,nan,nan,nan,nan,nan,nan,nan
TO,Impulso Tecnológico,"R$785.714,00","R$715.714,00","R$326.307,95",212,,2025,Agosto,nan,nan,nan,nan,nan,nan,nan,nan,nan,nan,nan,nan,nan,nan,nan,nan,nan,nan,nan,nan,nan,nan,nan,nan,nan,nan,nan,nan,nan,nan,nan,nan,nan,nan,nan,nan,nan,nan,nan,nan
TO,Move + Vendas,"R$142.857,00","R$142.857,00","R$0,00",0,,2025,Agosto,nan,nan,nan,nan,nan,nan,nan,nan,nan,nan,nan,nan,nan,nan,nan,nan,nan,nan,nan,nan,nan,nan,nan,nan,nan,nan,nan,nan,nan,nan,nan,nan,nan,nan,nan,nan,nan,nan,nan,nan
TO,Plural,"R$285.714,00","R$285.714,00","R$59.369,35",0,,2025,Agosto,nan,nan,nan,nan,nan,nan,nan,nan,nan,nan,nan,nan,nan,nan,nan,nan,nan,nan,nan,nan,nan,nan,nan,nan,nan,nan,nan,nan,nan,nan,nan,nan,nan,nan,nan,nan,nan,nan,nan,nan
TO,Saber em Ação,"R$208.571,00","R$256.899,00","R$81.243,15",0,,2025,Agosto,nan,nan,nan,nan,nan,nan,nan,nan,nan,nan,nan,nan,nan,nan,nan,nan,nan,nan,nan,nan,nan,nan,nan,nan,nan,nan,nan,nan,nan,nan,nan,nan,nan,nan,nan,nan,nan,nan,nan,nan
TO,DataBiz,"R$2.133.336,00","R$2.133.336,00","R$0,00",0,,2025,Setembro,nan,nan,nan,nan,nan,nan,nan,nan,nan,nan,nan,nan,nan,nan,nan,nan,nan,nan,nan,nan,nan,nan,nan,nan,nan,nan,nan,nan,nan,nan,nan,nan,nan,nan,nan,nan,nan,nan,nan,nan
TO,Humanizar,"R$9.240.000,00","R$11.082.000,00","R$1.887.578,67",0,,2025,Setembro,nan,nan,nan,nan,nan,nan,nan,nan,nan,nan,nan,nan,nan,nan,nan,nan,nan,nan,nan,nan,nan,nan,nan,nan,nan,nan,nan,nan,nan,nan,nan,nan,nan,nan,nan,nan,nan,nan,nan,nan
TO,Plural,"R$2.285.712,00","R$2.285.712,00","R$370.267,70",0,,2025,Setembro,nan,nan,nan,nan,nan,nan,nan,nan,nan,nan,nan,nan,nan,nan,nan,nan,nan,nan,nan,nan,nan,nan,nan,nan,nan,nan,nan,nan,nan,nan,nan,nan,nan,nan,nan,nan,nan,nan,nan,nan
TO,Saber em Ação,"R$1.388.568,00","R$1.937.192,00","R$398.473,24",0,,2025,Setembro,nan,nan,nan,nan,nan,nan,nan,nan,nan,nan,nan,nan,nan,nan,nan,nan,nan,nan,nan,nan,nan,nan,nan,nan,nan,nan,nan,nan,nan,nan,nan,nan,nan,nan,nan,nan,nan,nan,nan,nan
TO,DataBiz,"R$2.133.336,00","R$2.133.336,00","R$0,00",0,,2025,Outubro,nan,nan,nan,nan,nan,nan,nan,nan,nan,nan,nan,nan,nan,nan,nan,nan,nan,nan,nan,nan,nan,nan,nan,nan,nan,nan,nan,nan,nan,nan,nan,nan,nan,nan,nan,nan,nan,nan,nan,nan
TO,Plural,"R$2.285.712,00","R$2.285.712,00","R$370.267,70",0,,2025,Outubro,nan,nan,nan,nan,nan,nan,nan,nan,nan,nan,nan,nan,nan,nan,nan,nan,nan,nan,nan,nan,nan,nan,nan,nan,nan,nan,nan,nan,nan,nan,nan,nan,nan,nan,nan,nan,nan,nan,nan,nan
TO,DataBiz,"R$2.133.336,00","R$2.133.336,00","R$0,00",0,,2025,Novembro,nan,nan,nan,nan,nan,nan,nan,nan,nan,nan,nan,nan,nan,nan,nan,nan,nan,nan,nan,nan,nan,nan,nan,nan,nan,nan,nan,nan,nan,nan,nan,nan,nan,nan,nan,nan,nan,nan,nan,nan
TO,Plural,"R$2.285.712,00","R$2.285.712,00","R$370.267,70",0,,2025,Novembro,nan,nan,nan,nan,nan,nan,nan,nan,nan,nan,nan,nan,nan,nan,nan,nan,nan,nan,nan,nan,nan,nan,nan,nan,nan,nan,nan,nan,nan,nan,nan,nan,nan,nan,nan,nan,nan,nan,nan,nan
TO,Saber em Ação,"R$1.668.568,00","R$2.063.192,00","R$398.473,24",0,,2025,Novembro,nan,nan,nan,nan,nan,nan,nan,nan,nan,nan,nan,nan,nan,nan,nan,nan,nan,nan,nan,nan,nan,nan,nan,nan,nan,nan,nan,nan,nan,nan,nan,nan,nan,nan,nan,nan,nan,nan,nan,nan
TO,Cliente 360,nan,nan,nan,nan,,2024,Novembro,"R$31.089.366,00","R$32.749.862,00","R$26.884.338,83",180.991,nan,nan,nan,nan,nan,nan,nan,nan,nan,nan,nan,nan,nan,nan,nan,nan,nan,nan,nan,nan,nan,nan,nan,nan,nan,nan,nan,nan,nan,nan,nan,nan,nan,nan,nan,nan
TO,Conecta Tech,nan,nan,nan,nan,,2024,Novembro,"R$2.000.000,00","R$2.470.040,00","R$1.017.873,27",0,nan,nan,nan,nan,nan,nan,nan,nan,nan,nan,nan,nan,nan,nan,nan,nan,nan,nan,nan,nan,nan,nan,nan,nan,nan,nan,nan,nan,nan,nan,nan,nan,nan,nan,nan,nan
TO,Conexão Financeira,nan,nan,nan,nan,,2024,Novembro,"R$526.000,00","R$526.000,00","R$406.802,57",1.698,nan,nan,nan,nan,nan,nan,nan,nan,nan,nan,nan,nan,nan,nan,nan,nan,nan,nan,nan,nan,nan,nan,nan,nan,nan,nan,nan,nan,nan,nan,nan,nan,nan,nan,nan,nan
TO,DataBiz,nan,nan,nan,nan,,2024,Novembro,"R$267.000,00","R$101.014,00","R$19.924,50",0,nan,nan,nan,nan,nan,nan,nan,nan,nan,nan,nan,nan,nan,nan,nan,nan,nan,nan,nan,nan,nan,nan,nan,nan,nan,nan,nan,nan,nan,nan,nan,nan,nan,nan,nan,nan
TO,Educação que Transforma,nan,nan,nan,nan,,2024,Novembro,"R$1.983.500,00","R$2.000.000,00","R$1.564.530,81",94.200,nan,nan,nan,nan,nan,nan,nan,nan,nan,nan,nan,nan,nan,nan,nan,nan,nan,nan,nan,nan,nan,nan,nan,nan,nan,nan,nan,nan,nan,nan,nan,nan,nan,nan,nan,nan
TO,Governança Empreendedora,nan,nan,nan,nan,,2024,Novembro,"R$1.214.286,00","R$434.286,00","R$268.219,43",163,nan,nan,nan,nan,nan,nan,nan,nan,nan,nan,nan,nan,nan,nan,nan,nan,nan,nan,nan,nan,nan,nan,nan,nan,nan,nan,nan,nan,nan,nan,nan,nan,nan,nan,nan,nan
TO,Humanizar,nan,nan,nan,nan,,2024,Novembro,"R$1.744.244,00","R$1.022.213,00","R$760.412,61",0,nan,nan,nan,nan,nan,nan,nan,nan,nan,nan,nan,nan,nan,nan,nan,nan,nan,nan,nan,nan,nan,nan,nan,nan,nan,nan,nan,nan,nan,nan,nan,nan,nan,nan,nan,nan
TO,Impulsionar Negócios,nan,nan,nan,nan,,2024,Novembro,"R$1.499.929,00","R$1.975.429,00","R$1.435.375,03",1.965,nan,nan,nan,nan,nan,nan,nan,nan,nan,nan,nan,nan,nan,nan,nan,nan,nan,nan,nan,nan,nan,nan,nan,nan,nan,nan,nan,nan,nan,nan,nan,nan,nan,nan,nan,nan
TO,Impulso Tecnológico,nan,nan,nan,nan,,2024,Novembro,"R$371.500,00","R$378.500,00","R$366.407,65",31,nan,nan,nan,nan,nan,nan,nan,nan,nan,nan,nan,nan,nan,nan,nan,nan,nan,nan,nan,nan,nan,nan,nan,nan,nan,nan,nan,nan,nan,nan,nan,nan,nan,nan,nan,nan
TO,Saber em Ação,nan,nan,nan,nan,,2024,Novembro,"R$400.000,00","R$553.064,00","R$423.169,55",0,nan,nan,nan,nan,nan,nan,nan,nan,nan,nan,nan,nan,nan,nan,nan,nan,nan,nan,nan,nan,nan,nan,nan,nan,nan,nan,nan,nan,nan,nan,nan,nan,nan,nan,nan,nan
TO,Transformar Juntos,nan,nan,nan,nan,,2024,Novembro,"R$4.195.279,00","R$4.556.701,00","R$3.859.314,97",46,nan,nan,nan,nan,nan,nan,nan,nan,nan,nan,nan,nan,nan,nan,nan,nan,nan,nan,nan,nan,nan,nan,nan,nan,nan,nan,nan,nan,nan,nan,nan,nan,nan,nan,nan,nan
TO,Ambiente de Negócios,nan,nan,nan,nan,,2023,Novembro,nan,nan,nan,nan,"R$15.283.614,94","R$10.239.560,00","R$8.886.135,70",494,nan,nan,nan,nan,nan,nan,nan,nan,nan,nan,nan,nan,nan,nan,nan,nan,nan,nan,nan,nan,nan,nan,nan,nan,nan,nan,nan,nan,nan,nan,nan,nan
TO,Brasil + Competitivo,nan,nan,nan,nan,,2023,Novembro,nan,nan,nan,nan,"R$11.385.742,00","R$10.122.948,00","R$6.837.530,11",5.892,nan,nan,nan,nan,nan,nan,nan,nan,nan,nan,nan,nan,nan,nan,nan,nan,nan,nan,nan,nan,nan,nan,nan,nan,nan,nan,nan,nan,nan,nan,nan,nan
TO,Brasil + Inovador,nan,nan,nan,nan,,2023,Novembro,nan,nan,nan,nan,"R$556.186,00","R$402.878,00","R$381.377,14",0,nan,nan,nan,nan,nan,nan,nan,nan,nan,nan,nan,nan,nan,nan,nan,nan,nan,nan,nan,nan,nan,nan,nan,nan,nan,nan,nan,nan,nan,nan,nan,nan
TO,Cliente em Foco,nan,nan,nan,nan,,2023,Novembro,nan,nan,nan,nan,"R$19.517.838,34","R$28.657.700,00","R$28.632.063,90",143.844,nan,nan,nan,nan,nan,nan,nan,nan,nan,nan,nan,nan,nan,nan,nan,nan,nan,nan,nan,nan,nan,nan,nan,nan,nan,nan,nan,nan,nan,nan,nan,nan
TO,Educação Empreendedora,nan,nan,nan,nan,,2023,Novembro,nan,nan,nan,nan,"R$2.391.000,00","R$1.760.940,00","R$1.457.779,37",64.174,nan,nan,nan,nan,nan,nan,nan,nan,nan,nan,nan,nan,nan,nan,nan,nan,nan,nan,nan,nan,nan,nan,nan,nan,nan,nan,nan,nan,nan,nan,nan,nan
TO,Gestão da Marca Sebrae,nan,nan,nan,nan,,2023,Novembro,nan,nan,nan,nan,"R$2.320.000,00","R$2.500.000,00","R$2.402.505,61",0,nan,nan,nan,nan,nan,nan,nan,nan,nan,nan,nan,nan,nan,nan,nan,nan,nan,nan,nan,nan,nan,nan,nan,nan,nan,nan,nan,nan,nan,nan,nan,nan
TO,Gestão Estratégica de Pessoas,nan,nan,nan,nan,,2023,Novembro,nan,nan,nan,nan,"R$1.298.571,00","R$725.973,00","R$706.689,75",0,nan,nan,nan,nan,nan,nan,nan,nan,nan,nan,nan,nan,nan,nan,nan,nan,nan,nan,nan,nan,nan,nan,nan,nan,nan,nan,nan,nan,nan,nan,nan,nan
TO,Inteligência de Dados,nan,nan,nan,nan,,2023,Novembro,nan,nan,nan,nan,"R$1,00","R$1,00","R$0,00",0,nan,nan,nan,nan,nan,nan,nan,nan,nan,nan,nan,nan,nan,nan,nan,nan,nan,nan,nan,nan,nan,nan,nan,nan,nan,nan,nan,nan,nan,nan,nan,nan
TO,Portfólio em Rede,nan,nan,nan,nan,,2023,Novembro,nan,nan,nan,nan,"R$428.571,00","R$246.392,00","R$243.503,74",0,nan,nan,nan,nan,nan,nan,nan,nan,nan,nan,nan,nan,nan,nan,nan,nan,nan,nan,nan,nan,nan,nan,nan,nan,nan,nan,nan,nan,nan,nan,nan,nan
TO,Sebrae + Finanças,nan,nan,nan,nan,,2023,Novembro,nan,nan,nan,nan,"R$209.486,00","R$170.802,00","R$170.800,15",832,nan,nan,nan,nan,nan,nan,nan,nan,nan,nan,nan,nan,nan,nan,nan,nan,nan,nan,nan,nan,nan,nan,nan,nan,nan,nan,nan,nan,nan,nan,nan,nan
TO,Ambiente de Negócios,nan,nan,nan,nan,,2022,Novembro,nan,nan,nan,nan,nan,nan,nan,nan,"R$0,00","R$10.684.431,00","R$7.643.157,40",268,nan,nan,nan,nan,nan,nan,nan,nan,nan,nan,nan,nan,nan,nan,nan,nan,nan,nan,nan,nan,nan,nan,nan,nan,nan,nan,nan,nan
TO,Brasil + Competitivo,nan,nan,nan,nan,,2022,Novembro,nan,nan,nan,nan,nan,nan,nan,nan,"R$713.000,00","R$1.928.939,00","R$876.655,34",4.124,nan,nan,nan,nan,nan,nan,nan,nan,nan,nan,nan,nan,nan,nan,nan,nan,nan,nan,nan,nan,nan,nan,nan,nan,nan,nan,nan,nan
TO,Brasil + Inovador,nan,nan,nan,nan,,2022,Novembro,nan,nan,nan,nan,nan,nan,nan,nan,"R$235.614,00","R$341.185,00","R$309.191,53",704,nan,nan,nan,nan,nan,nan,nan,nan,nan,nan,nan,nan,nan,nan,nan,nan,nan,nan,nan,nan,nan,nan,nan,nan,nan,nan,nan,nan
TO,Cliente em Foco,nan,nan,nan,nan,,2022,Novembro,nan,nan,nan,nan,nan,nan,nan,nan,"R$0,00","R$30.196.397,00","R$22.199.962,43",108.373,nan,nan,nan,nan,nan,nan,nan,nan,nan,nan,nan,nan,nan,nan,nan,nan,nan,nan,nan,nan,nan,nan,nan,nan,nan,nan,nan,nan
TO,Educação Empreendedora,nan,nan,nan,nan,,2022,Novembro,nan,nan,nan,nan,nan,nan,nan,nan,"R$284.114,00","R$1.000.001,00","R$799.240,84",67.286,nan,nan,nan,nan,nan,nan,nan,nan,nan,nan,nan,nan,nan,nan,nan,nan,nan,nan,nan,nan,nan,nan,nan,nan,nan,nan,nan,nan
TO,Gestão da Marca Sebrae,nan,nan,nan,nan,,2022,Novembro,nan,nan,nan,nan,nan,nan,nan,nan,"R$0,00","R$2.500.000,00","R$2.187.007,16",0,nan,nan,nan,nan,nan,nan,nan,nan,nan,nan,nan,nan,nan,nan,nan,nan,nan,nan,nan,nan,nan,nan,nan,nan,nan,nan,nan,nan
TO,Gestão Estratégica de Pessoas,nan,nan,nan,nan,,2022,Novembro,nan,nan,nan,nan,nan,nan,nan,nan,"R$785.714,00","R$785.714,00","R$522.945,23",0,nan,nan,nan,nan,nan,nan,nan,nan,nan,nan,nan,nan,nan,nan,nan,nan,nan,nan,nan,nan,nan,nan,nan,nan,nan,nan,nan,nan
TO,Inteligência de Dados,nan,nan,nan,nan,,2022,Novembro,nan,nan,nan,nan,nan,nan,nan,nan,"R$0,00","R$100.000,00","R$0,00",0,nan,nan,nan,nan,nan,nan,nan,nan,nan,nan,nan,nan,nan,nan,nan,nan,nan,nan,nan,nan,nan,nan,nan,nan,nan,nan,nan,nan
TO,PROGRAMA NACIONAL - Transformação Digital,nan,nan,nan,nan,,2022,Novembro,nan,nan,nan,nan,nan,nan,nan,nan,"R$0,00","R$1,00","R$0,00",0,nan,nan,nan,nan,nan,nan,nan,nan,nan,nan,nan,nan,nan,nan,nan,nan,nan,nan,nan,nan,nan,nan,nan,nan,nan,nan,nan,nan
TO,PROGRAMA NACIONAL - Transformação Organizacional,nan,nan,nan,nan,,2022,Novembro,nan,nan,nan,nan,nan,nan,nan,nan,"R$0,00","R$1,00","R$0,00",0,nan,nan,nan,nan,nan,nan,nan,nan,nan,nan,nan,nan,nan,nan,nan,nan,nan,nan,nan,nan,nan,nan,nan,nan,nan,nan,nan,nan
TO,Sebrae + Finanças,nan,nan,nan,nan,,2022,Novembro,nan,nan,nan,nan,nan,nan,nan,nan,"R$0,00","R$214.286,00","R$205.051,86",1.334,nan,nan,nan,nan,nan,nan,nan,nan,nan,nan,nan,nan,nan,nan,nan,nan,nan,nan,nan,nan,nan,nan,nan,nan,nan,nan,nan,nan
TO,Ambiente de Negócios,nan,nan,nan,nan,,2021,Novembro,nan,nan,nan,nan,nan,nan,nan,nan,nan,nan,nan,nan,"R$0,00","R$7.468.072,00","R$5.048.319,86",226,nan,nan,nan,nan,nan,nan,nan,nan,nan,nan,nan,nan,nan,nan,nan,nan,nan,nan,nan,nan,nan,nan,nan,nan
TO,Brasil + Competitivo,nan,nan,nan,nan,,2021,Novembro,nan,nan,nan,nan,nan,nan,nan,nan,nan,nan,nan,nan,"R$150.000,00","R$2.027.022,00","R$1.326.150,93",6.018,nan,nan,nan,nan,nan,nan,nan,nan,nan,nan,nan,nan,nan,nan,nan,nan,nan,nan,nan,nan,nan,nan,nan,nan
TO,Cliente em Foco,nan,nan,nan,nan,,2021,Novembro,nan,nan,nan,nan,nan,nan,nan,nan,nan,nan,nan,nan,"R$0,00","R$11.834.789,00","R$10.833.898,02",95.753,nan,nan,nan,nan,nan,nan,nan,nan,nan,nan,nan,nan,nan,nan,nan,nan,nan,nan,nan,nan,nan,nan,nan,nan
TO,Educação Empreendedora,nan,nan,nan,nan,,2021,Novembro,nan,nan,nan,nan,nan,nan,nan,nan,nan,nan,nan,nan,"R$0,00","R$532.157,00","R$532.512,68",48.547,nan,nan,nan,nan,nan,nan,nan,nan,nan,nan,nan,nan,nan,nan,nan,nan,nan,nan,nan,nan,nan,nan,nan,nan
TO,Gestão da Marca Sebrae,nan,nan,nan,nan,,2021,Novembro,nan,nan,nan,nan,nan,nan,nan,nan,nan,nan,nan,nan,"R$0,00","R$987.533,00","R$987.434,54",0,nan,nan,nan,nan,nan,nan,nan,nan,nan,nan,nan,nan,nan,nan,nan,nan,nan,nan,nan,nan,nan,nan,nan,nan
TO,Gestão Estratégica de Pessoas,nan,nan,nan,nan,,2021,Novembro,nan,nan,nan,nan,nan,nan,nan,nan,nan,nan,nan,nan,"R$1.938.358,00","R$19.624.379,00","R$19.925.271,24",0,nan,nan,nan,nan,nan,nan,nan,nan,nan,nan,nan,nan,nan,nan,nan,nan,nan,nan,nan,nan,nan,nan,nan,nan
TO,Portfólio em Rede,nan,nan,nan,nan,,2021,Novembro,nan,nan,nan,nan,nan,nan,nan,nan,nan,nan,nan,nan,"R$0,00","R$100.000,00","R$65.637,61",0,nan,nan,nan,nan,nan,nan,nan,nan,nan,nan,nan,nan,nan,nan,nan,nan,nan,nan,nan,nan,nan,nan,nan,nan
TO,Sebrae + Finanças,nan,nan,nan,nan,,2021,Novembro,nan,nan,nan,nan,nan,nan,nan,nan,nan,nan,nan,nan,"R$0,00","R$30.000,00","R$25.409,56",257,nan,nan,nan,nan,nan,nan,nan,nan,nan,nan,nan,nan,nan,nan,nan,nan,nan,nan,nan,nan,nan,nan,nan,nan
TO,Ambiente de Negócios,nan,nan,nan,nan,,2020,Novembro,nan,nan,nan,nan,nan,nan,nan,nan,nan,nan,nan,nan,nan,nan,nan,nan,"R$0,00","R$1.450.689,00","R$774.690,45",0,nan,nan,nan,nan,nan,nan,nan,nan,nan,nan,nan,nan,nan,nan,nan,nan,nan,nan,nan,nan
TO,"Ambiente de Negócios Simplificado, Favorecido e Diferenciado - DESATIVADO",nan,nan,nan,nan,,2020,Novembro,nan,nan,nan,nan,nan,nan,nan,nan,nan,nan,nan,nan,nan,nan,nan,nan,"R$755.000,00","R$755.000,00","R$0,00",0,nan,nan,nan,nan,nan,nan,nan,nan,nan,nan,nan,nan,nan,nan,nan,nan,nan,nan,nan,nan
TO,Brasil + Competitivo,nan,nan,nan,nan,,2020,Novembro,nan,nan,nan,nan,nan,nan,nan,nan,nan,nan,nan,nan,nan,nan,nan,nan,"R$7.104.500,00","R$404.214,00","R$231.753,56",775,nan,nan,nan,nan,nan,nan,nan,nan,nan,nan,nan,nan,nan,nan,nan,nan,nan,nan,nan,nan
TO,Brasil + Empreendedor,nan,nan,nan,nan,,2020,Novembro,nan,nan,nan,nan,nan,nan,nan,nan,nan,nan,nan,nan,nan,nan,nan,nan,"R$400.000,00","R$347.500,00","R$69.100,00",1.434,nan,nan,nan,nan,nan,nan,nan,nan,nan,nan,nan,nan,nan,nan,nan,nan,nan,nan,nan,nan
TO,Brasil + Inovador,nan,nan,nan,nan,,2020,Novembro,nan,nan,nan,nan,nan,nan,nan,nan,nan,nan,nan,nan,nan,nan,nan,nan,"R$300.000,00","R$0,00","R$0,00",0,nan,nan,nan,nan,nan,nan,nan,nan,nan,nan,nan,nan,nan,nan,nan,nan,nan,nan,nan,nan
TO,Cliente em Foco,nan,nan,nan,nan,,2020,Novembro,nan,nan,nan,nan,nan,nan,nan,nan,nan,nan,nan,nan,nan,nan,nan,nan,"R$0,00","R$11.893.163,00","R$8.126.754,29",86.716,nan,nan,nan,nan,nan,nan,nan,nan,nan,nan,nan,nan,nan,nan,nan,nan,nan,nan,nan,nan
TO,Educação Empreendedora,nan,nan,nan,nan,,2020,Novembro,nan,nan,nan,nan,nan,nan,nan,nan,nan,nan,nan,nan,nan,nan,nan,nan,"R$1.306.459,00","R$712.304,00","R$363.781,61",21.016,nan,nan,nan,nan,nan,nan,nan,nan,nan,nan,nan,nan,nan,nan,nan,nan,nan,nan,nan,nan
TO,Empreendedorismo que Inclui e Transforma - DESATIVADO,nan,nan,nan,nan,,2020,Novembro,nan,nan,nan,nan,nan,nan,nan,nan,nan,nan,nan,nan,nan,nan,nan,nan,"R$8.757.000,00","R$8.757.000,00","R$0,00",0,nan,nan,nan,nan,nan,nan,nan,nan,nan,nan,nan,nan,nan,nan,nan,nan,nan,nan,nan,nan
TO,Gestão Estratégica de Pessoas,nan,nan,nan,nan,,2020,Novembro,nan,nan,nan,nan,nan,nan,nan,nan,nan,nan,nan,nan,nan,nan,nan,nan,"R$1.627.600,00","R$489.134,00","R$80.962,87",0,nan,nan,nan,nan,nan,nan,nan,nan,nan,nan,nan,nan,nan,nan,nan,nan,nan,nan,nan,nan
TO,Portfólio em Rede,nan,nan,nan,nan,,2020,Novembro,nan,nan,nan,nan,nan,nan,nan,nan,nan,nan,nan,nan,nan,nan,nan,nan,"R$0,00","R$50.000,00","R$18.120,00",0,nan,nan,nan,nan,nan,nan,nan,nan,nan,nan,nan,nan,nan,nan,nan,nan,nan,nan,nan,nan
TO,PROGRAMA NACIONAL - Transformação Organizacional,nan,nan,nan,nan,,2020,Novembro,nan,nan,nan,nan,nan,nan,nan,nan,nan,nan,nan,nan,nan,nan,nan,nan,"R$360.000,00","R$7.501,00","R$0,00",0,nan,nan,nan,nan,nan,nan,nan,nan,nan,nan,nan,nan,nan,nan,nan,nan,nan,nan,nan,nan
TO,Sebrae + Finanças,nan,nan,nan,nan,,2020,Novembro,nan,nan,nan,nan,nan,nan,nan,nan,nan,nan,nan,nan,nan,nan,nan,nan,"R$215.800,00","R$353.234,00","R$145.277,00",1.190,nan,nan,nan,nan,nan,nan,nan,nan,nan,nan,nan,nan,nan,nan,nan,nan,nan,nan,nan,nan
TO,Alimentos e Bebidas,nan,nan,nan,nan,,2019,Novembro,nan,nan,nan,nan,nan,nan,nan,nan,nan,nan,nan,nan,nan,nan,nan,nan,nan,nan,nan,nan,"R$0,00","R$271.975,00","R$60.800,00",1,nan,nan,nan,nan,nan,nan,nan,nan,nan,nan,nan,nan,nan,nan,nan,nan
TO,Atendimento ao Cliente - Presencial,nan,nan,nan,nan,,2019,Novembro,nan,nan,nan,nan,nan,nan,nan,nan,nan,nan,nan,nan,nan,nan,nan,nan,nan,nan,nan,nan,"R$14.149.571,00","R$16.074.924,00","R$10.476.805,05",78.562,nan,nan,nan,nan,nan,nan,nan,nan,nan,nan,nan,nan,nan,nan,nan,nan
TO,Atendimento ao Cliente - Remoto,nan,nan,nan,nan,,2019,Novembro,nan,nan,nan,nan,nan,nan,nan,nan,nan,nan,nan,nan,nan,nan,nan,nan,nan,nan,nan,nan,"R$174.144,00","R$110.934,00","R$43.173,01",9.705,nan,nan,nan,nan,nan,nan,nan,nan,nan,nan,nan,nan,nan,nan,nan,nan
TO,Brasil Mais Produtivo,nan,nan,nan,nan,,2019,Novembro,nan,nan,nan,nan,nan,nan,nan,nan,nan,nan,nan,nan,nan,nan,nan,nan,nan,nan,nan,nan,"R$256.856,00","R$3.256.856,00","R$141.712,36",0,nan,nan,nan,nan,nan,nan,nan,nan,nan,nan,nan,nan,nan,nan,nan,nan
TO,Cadeia de Valor de Energia,nan,nan,nan,nan,,2019,Novembro,nan,nan,nan,nan,nan,nan,nan,nan,nan,nan,nan,nan,nan,nan,nan,nan,nan,nan,nan,nan,"R$233.200,00","R$0,00","R$0,00",0,nan,nan,nan,nan,nan,nan,nan,nan,nan,nan,nan,nan,nan,nan,nan,nan
TO,Capital Empreendedor,nan,nan,nan,nan,,2019,Novembro,nan,nan,nan,nan,nan,nan,nan,nan,nan,nan,nan,nan,nan,nan,nan,nan,nan,nan,nan,nan,"R$304.500,00","R$304.500,00","R$208.846,66",0,nan,nan,nan,nan,nan,nan,nan,nan,nan,nan,nan,nan,nan,nan,nan,nan
TO,Chamada 001-2018 - Projetos Especiais - Transformação Digital,nan,nan,nan,nan,,2019,Novembro,nan,nan,nan,nan,nan,nan,nan,nan,nan,nan,nan,nan,nan,nan,nan,nan,nan,nan,nan,nan,"R$715.500,00","R$735.300,00","R$133.453,11",0,nan,nan,nan,nan,nan,nan,nan,nan,nan,nan,nan,nan,nan,nan,nan,nan
TO,"Convênio Sebrae, MTUR e Embratur",nan,nan,nan,nan,,2019,Novembro,nan,nan,nan,nan,nan,nan,nan,nan,nan,nan,nan,nan,nan,nan,nan,nan,nan,nan,nan,nan,"R$0,00","R$1.390.181,00","R$316.823,08",445,nan,nan,nan,nan,nan,nan,nan,nan,nan,nan,nan,nan,nan,nan,nan,nan
TO,Desenvolvimento de Fornecedores,nan,nan,nan,nan,,2019,Novembro,nan,nan,nan,nan,nan,nan,nan,nan,nan,nan,nan,nan,nan,nan,nan,nan,nan,nan,nan,nan,"R$57.144,00","R$53.044,00","R$0,00",0,nan,nan,nan,nan,nan,nan,nan,nan,nan,nan,nan,nan,nan,nan,nan,nan
TO,Economia Criativa,nan,nan,nan,nan,,2019,Novembro,nan,nan,nan,nan,nan,nan,nan,nan,nan,nan,nan,nan,nan,nan,nan,nan,nan,nan,nan,nan,"R$418.000,00","R$476.975,00","R$338.424,92",350,nan,nan,nan,nan,nan,nan,nan,nan,nan,nan,nan,nan,nan,nan,nan,nan
TO,Economia Digital &#8211; Startup,nan,nan,nan,nan,,2019,Novembro,nan,nan,nan,nan,nan,nan,nan,nan,nan,nan,nan,nan,nan,nan,nan,nan,nan,nan,nan,nan,"R$400.000,00","R$0,00","R$0,00",0,nan,nan,nan,nan,nan,nan,nan,nan,nan,nan,nan,nan,nan,nan,nan,nan
TO,Educação Empreendedora - Atendimento,nan,nan,nan,nan,,2019,Novembro,nan,nan,nan,nan,nan,nan,nan,nan,nan,nan,nan,nan,nan,nan,nan,nan,nan,nan,nan,nan,"R$993.400,00","R$1.224.080,00","R$920.110,66",28.773,nan,nan,nan,nan,nan,nan,nan,nan,nan,nan,nan,nan,nan,nan,nan,nan
TO,Excelência na Gestão,nan,nan,nan,nan,,2019,Novembro,nan,nan,nan,nan,nan,nan,nan,nan,nan,nan,nan,nan,nan,nan,nan,nan,nan,nan,nan,nan,"R$50.000,00","R$50.000,00","R$35.977,50",0,nan,nan,nan,nan,nan,nan,nan,nan,nan,nan,nan,nan,nan,nan,nan,nan
TO,Inova,nan,nan,nan,nan,,2019,Novembro,nan,nan,nan,nan,nan,nan,nan,nan,nan,nan,nan,nan,nan,nan,nan,nan,nan,nan,nan,nan,"R$0,00","R$67.260,00","R$67.260,00",1,nan,nan,nan,nan,nan,nan,nan,nan,nan,nan,nan,nan,nan,nan,nan,nan
TO,LÍDER- Planejamento e Governança nos Territórios,nan,nan,nan,nan,,2019,Novembro,nan,nan,nan,nan,nan,nan,nan,nan,nan,nan,nan,nan,nan,nan,nan,nan,nan,nan,nan,nan,"R$461.917,00","R$158.628,00","R$6.634,97",0,nan,nan,nan,nan,nan,nan,nan,nan,nan,nan,nan,nan,nan,nan,nan,nan
TO,Municipalização de Políticas de Desenvolvimento,nan,nan,nan,nan,,2019,Novembro,nan,nan,nan,nan,nan,nan,nan,nan,nan,nan,nan,nan,nan,nan,nan,nan,nan,nan,nan,nan,"R$936.158,00","R$690.572,00","R$476.002,15",0,nan,nan,nan,nan,nan,nan,nan,nan,nan,nan,nan,nan,nan,nan,nan,nan
TO,Rede de Inteligência Sebrae,nan,nan,nan,nan,,2019,Novembro,nan,nan,nan,nan,nan,nan,nan,nan,nan,nan,nan,nan,nan,nan,nan,nan,nan,nan,nan,nan,"R$517.004,00","R$0,00","R$0,00",0,nan,nan,nan,nan,nan,nan,nan,nan,nan,nan,nan,nan,nan,nan,nan,nan
TO,Alimentos e Bebidas,nan,nan,nan,nan,,2018,Novembro,nan,nan,nan,nan,nan,nan,nan,nan,nan,nan,nan,nan,nan,nan,nan,nan,nan,nan,nan,nan,nan,nan,nan,nan,"R$2.357.714,00","R$1.515.085,00","R$1.228.370,25",3.838,nan,nan,nan,nan,nan,nan,nan,nan,nan,nan,nan,nan
TO,Atendimento ao Cliente - Presencial,nan,nan,nan,nan,,2018,Novembro,nan,nan,nan,nan,nan,nan,nan,nan,nan,nan,nan,nan,nan,nan,nan,nan,nan,nan,nan,nan,nan,nan,nan,nan,"R$6.670.534,00","R$6.880.728,00","R$6.001.225,99",62.368,nan,nan,nan,nan,nan,nan,nan,nan,nan,nan,nan,nan
TO,Atendimento ao Cliente - Remoto,nan,nan,nan,nan,,2018,Novembro,nan,nan,nan,nan,nan,nan,nan,nan,nan,nan,nan,nan,nan,nan,nan,nan,nan,nan,nan,nan,nan,nan,nan,nan,"R$144.514,00","R$38.000,00","R$35.004,42",10.244,nan,nan,nan,nan,nan,nan,nan,nan,nan,nan,nan,nan
TO,Bioeconomia e Sustentabilidade,nan,nan,nan,nan,,2018,Novembro,nan,nan,nan,nan,nan,nan,nan,nan,nan,nan,nan,nan,nan,nan,nan,nan,nan,nan,nan,nan,nan,nan,nan,nan,"R$0,00","R$54.000,00","R$52.737,38",0,nan,nan,nan,nan,nan,nan,nan,nan,nan,nan,nan,nan
TO,Cadeia de Valor de Energia,nan,nan,nan,nan,,2018,Novembro,nan,nan,nan,nan,nan,nan,nan,nan,nan,nan,nan,nan,nan,nan,nan,nan,nan,nan,nan,nan,nan,nan,nan,nan,"R$178.000,00","R$0,00","R$0,00",0,nan,nan,nan,nan,nan,nan,nan,nan,nan,nan,nan,nan
TO,Capital Empreendedor,nan,nan,nan,nan,,2018,Novembro,nan,nan,nan,nan,nan,nan,nan,nan,nan,nan,nan,nan,nan,nan,nan,nan,nan,nan,nan,nan,nan,nan,nan,nan,"R$0,00","R$70.000,00","R$23.367,88",114,nan,nan,nan,nan,nan,nan,nan,nan,nan,nan,nan,nan
TO,Casa e Construção,nan,nan,nan,nan,,2018,Novembro,nan,nan,nan,nan,nan,nan,nan,nan,nan,nan,nan,nan,nan,nan,nan,nan,nan,nan,nan,nan,nan,nan,nan,nan,"R$0,00","R$230.300,00","R$202.549,84",480,nan,nan,nan,nan,nan,nan,nan,nan,nan,nan,nan,nan
TO,Chamada 001-2018 - Projetos Especiais - Transformação Digital,nan,nan,nan,nan,,2018,Novembro,nan,nan,nan,nan,nan,nan,nan,nan,nan,nan,nan,nan,nan,nan,nan,nan,nan,nan,nan,nan,nan,nan,nan,nan,"R$0,00","R$385.000,00","R$2.100,00",0,nan,nan,nan,nan,nan,nan,nan,nan,nan,nan,nan,nan
TO,Desenvolvimento de Fornecedores,nan,nan,nan,nan,,2018,Novembro,nan,nan,nan,nan,nan,nan,nan,nan,nan,nan,nan,nan,nan,nan,nan,nan,nan,nan,nan,nan,nan,nan,nan,nan,"R$57.144,00","R$100.288,00","R$18.068,78",0,nan,nan,nan,nan,nan,nan,nan,nan,nan,nan,nan,nan
TO,Desenvolvimento Territorial,nan,nan,nan,nan,,2018,Novembro,nan,nan,nan,nan,nan,nan,nan,nan,nan,nan,nan,nan,nan,nan,nan,nan,nan,nan,nan,nan,nan,nan,nan,nan,"R$438.848,00","R$0,00","R$0,00",0,nan,nan,nan,nan,nan,nan,nan,nan,nan,nan,nan,nan
TO,Economia Criativa,nan,nan,nan,nan,,2018,Novembro,nan,nan,nan,nan,nan,nan,nan,nan,nan,nan,nan,nan,nan,nan,nan,nan,nan,nan,nan,nan,nan,nan,nan,nan,"R$399.000,00","R$319.000,00","R$241.021,77",469,nan,nan,nan,nan,nan,nan,nan,nan,nan,nan,nan,nan
TO,Economia Digital &#8211; Startup,nan,nan,nan,nan,,2018,Novembro,nan,nan,nan,nan,nan,nan,nan,nan,nan,nan,nan,nan,nan,nan,nan,nan,nan,nan,nan,nan,nan,nan,nan,nan,"R$291.500,00","R$208.500,00","R$197.839,00",968,nan,nan,nan,nan,nan,nan,nan,nan,nan,nan,nan,nan
TO,Educação Empreendedora - Articulação e Desenvolvimento,nan,nan,nan,nan,,2018,Novembro,nan,nan,nan,nan,nan,nan,nan,nan,nan,nan,nan,nan,nan,nan,nan,nan,nan,nan,nan,nan,nan,nan,nan,nan,"R$698.420,00","R$1.204.233,00","R$998.430,66",31.724,nan,nan,nan,nan,nan,nan,nan,nan,nan,nan,nan,nan
TO,Educação Empreendedora - Atendimento,nan,nan,nan,nan,,2018,Novembro,nan,nan,nan,nan,nan,nan,nan,nan,nan,nan,nan,nan,nan,nan,nan,nan,nan,nan,nan,nan,nan,nan,nan,nan,"R$264.412,00","R$427.549,00","R$387.559,70",0,nan,nan,nan,nan,nan,nan,nan,nan,nan,nan,nan,nan
TO,Excelência na Gestão,nan,nan,nan,nan,,2018,Novembro,nan,nan,nan,nan,nan,nan,nan,nan,nan,nan,nan,nan,nan,nan,nan,nan,nan,nan,nan,nan,nan,nan,nan,nan,"R$10.000,00","R$120.500,00","R$96.417,33",0,nan,nan,nan,nan,nan,nan,nan,nan,nan,nan,nan,nan
TO,Fortalecimento da Ouvidoria no Sistema Sebrae,nan,nan,nan,nan,,2018,Novembro,nan,nan,nan,nan,nan,nan,nan,nan,nan,nan,nan,nan,nan,nan,nan,nan,nan,nan,nan,nan,nan,nan,nan,nan,"R$0,00","R$30.000,00","R$17.363,05",0,nan,nan,nan,nan,nan,nan,nan,nan,nan,nan,nan,nan
TO,Inova,nan,nan,nan,nan,,2018,Novembro,nan,nan,nan,nan,nan,nan,nan,nan,nan,nan,nan,nan,nan,nan,nan,nan,nan,nan,nan,nan,nan,nan,nan,nan,"R$128.836,00","R$128.836,00","R$0,00",0,nan,nan,nan,nan,nan,nan,nan,nan,nan,nan,nan,nan
TO,Alimentos e Bebidas,nan,nan,nan,nan,,2017,Novembro,nan,nan,nan,nan,nan,nan,nan,nan,nan,nan,nan,nan,nan,nan,nan,nan,nan,nan,nan,nan,nan,nan,nan,nan,nan,nan,nan,nan,"R$2.873.966,00","R$2.843.199,00","R$1.972.885,04",5.771,nan,nan,nan,nan,nan,nan,nan,nan
TO,Artesanato,nan,nan,nan,nan,,2017,Novembro,nan,nan,nan,nan,nan,nan,nan,nan,nan,nan,nan,nan,nan,nan,nan,nan,nan,nan,nan,nan,nan,nan,nan,nan,nan,nan,nan,nan,"R$684.000,00","R$814.125,00","R$322.280,40",11,nan,nan,nan,nan,nan,nan,nan,nan
TO,Atendimento ao Cliente - Presencial,nan,nan,nan,nan,,2017,Novembro,nan,nan,nan,nan,nan,nan,nan,nan,nan,nan,nan,nan,nan,nan,nan,nan,nan,nan,nan,nan,nan,nan,nan,nan,nan,nan,nan,nan,"R$5.385.913,00","R$8.086.304,00","R$7.574.531,20",35.933,nan,nan,nan,nan,nan,nan,nan,nan
TO,Atendimento ao Cliente - Remoto,nan,nan,nan,nan,,2017,Novembro,nan,nan,nan,nan,nan,nan,nan,nan,nan,nan,nan,nan,nan,nan,nan,nan,nan,nan,nan,nan,nan,nan,nan,nan,nan,nan,nan,nan,"R$0,00","R$113.514,00","R$81.998,43",11.048,nan,nan,nan,nan,nan,nan,nan,nan
TO,Bioeconomia e Sustentabilidade,nan,nan,nan,nan,,2017,Novembro,nan,nan,nan,nan,nan,nan,nan,nan,nan,nan,nan,nan,nan,nan,nan,nan,nan,nan,nan,nan,nan,nan,nan,nan,nan,nan,nan,nan,"R$30.000,00","R$23.008,00","R$22.988,75",179,nan,nan,nan,nan,nan,nan,nan,nan
TO,Casa e Construção,nan,nan,nan,nan,,2017,Novembro,nan,nan,nan,nan,nan,nan,nan,nan,nan,nan,nan,nan,nan,nan,nan,nan,nan,nan,nan,nan,nan,nan,nan,nan,nan,nan,nan,nan,"R$446.528,00","R$516.565,00","R$359.250,86",791,nan,nan,nan,nan,nan,nan,nan,nan
TO,Desenvolvimento de Fornecedores,nan,nan,nan,nan,,2017,Novembro,nan,nan,nan,nan,nan,nan,nan,nan,nan,nan,nan,nan,nan,nan,nan,nan,nan,nan,nan,nan,nan,nan,nan,nan,nan,nan,nan,nan,"R$57.144,00","R$57.144,00","R$12.320,45",0,nan,nan,nan,nan,nan,nan,nan,nan
TO,Economia Digital &#8211; Startup,nan,nan,nan,nan,,2017,Novembro,nan,nan,nan,nan,nan,nan,nan,nan,nan,nan,nan,nan,nan,nan,nan,nan,nan,nan,nan,nan,nan,nan,nan,nan,nan,nan,nan,nan,"R$446.616,00","R$457.001,00","R$383.357,56",1.929,nan,nan,nan,nan,nan,nan,nan,nan
TO,Educação Empreendedora - Atendimento,nan,nan,nan,nan,,2017,Novembro,nan,nan,nan,nan,nan,nan,nan,nan,nan,nan,nan,nan,nan,nan,nan,nan,nan,nan,nan,nan,nan,nan,nan,nan,nan,nan,nan,nan,"R$700.000,00","R$700.000,00","R$616.310,09",23.392,nan,nan,nan,nan,nan,nan,nan,nan
TO,Excelência na Gestão,nan,nan,nan,nan,,2017,Novembro,nan,nan,nan,nan,nan,nan,nan,nan,nan,nan,nan,nan,nan,nan,nan,nan,nan,nan,nan,nan,nan,nan,nan,nan,nan,nan,nan,nan,"R$50.000,00","R$50.000,00","R$49.949,94",0,nan,nan,nan,nan,nan,nan,nan,nan
TO,Habitats,nan,nan,nan,nan,,2017,Novembro,nan,nan,nan,nan,nan,nan,nan,nan,nan,nan,nan,nan,nan,nan,nan,nan,nan,nan,nan,nan,nan,nan,nan,nan,nan,nan,nan,nan,"R$128.604,00","R$6.000,00","R$5.999,94",0,nan,nan,nan,nan,nan,nan,nan,nan
TO,Inova,nan,nan,nan,nan,,2017,Novembro,nan,nan,nan,nan,nan,nan,nan,nan,nan,nan,nan,nan,nan,nan,nan,nan,nan,nan,nan,nan,nan,nan,nan,nan,nan,nan,nan,nan,"R$0,00","R$165.748,00","R$683,46",1,nan,nan,nan,nan,nan,nan,nan,nan
TO,Moda,nan,nan,nan,nan,,2017,Novembro,nan,nan,nan,nan,nan,nan,nan,nan,nan,nan,nan,nan,nan,nan,nan,nan,nan,nan,nan,nan,nan,nan,nan,nan,nan,nan,nan,nan,"R$320.500,00","R$262.786,00","R$130.654,40",338,nan,nan,nan,nan,nan,nan,nan,nan
TO,Modernização do Ambiente de Negócios,nan,nan,nan,nan,,2017,Novembro,nan,nan,nan,nan,nan,nan,nan,nan,nan,nan,nan,nan,nan,nan,nan,nan,nan,nan,nan,nan,nan,nan,nan,nan,nan,nan,nan,nan,"R$521.114,00","R$660.976,00","R$611.063,66",0,nan,nan,nan,nan,nan,nan,nan,nan
TO,Modernização dos espaços educacionais,nan,nan,nan,nan,,2017,Novembro,nan,nan,nan,nan,nan,nan,nan,nan,nan,nan,nan,nan,nan,nan,nan,nan,nan,nan,nan,nan,nan,nan,nan,nan,nan,nan,nan,nan,"R$240.000,00","R$490.000,00","R$141.943,02",0,nan,nan,nan,nan,nan,nan,nan,nan
TO,SebraeLab,nan,nan,nan,nan,,2017,Novembro,nan,nan,nan,nan,nan,nan,nan,nan,nan,nan,nan,nan,nan,nan,nan,nan,nan,nan,nan,nan,nan,nan,nan,nan,nan,nan,nan,nan,"R$400.000,00","R$400.000,00","R$212,50",0,nan,nan,nan,nan,nan,nan,nan,nan
TO,Simplificação de Obrigações Empresariais,nan,nan,nan,nan,,2017,Novembro,nan,nan,nan,nan,nan,nan,nan,nan,nan,nan,nan,nan,nan,nan,nan,nan,nan,nan,nan,nan,nan,nan,nan,nan,nan,nan,nan,nan,"R$19.645,00","R$360.301,00","R$332.844,62",0,nan,nan,nan,nan,nan,nan,nan,nan
TO,Bioeconomia e Sustentabilidade,nan,nan,nan,nan,,2016,Novembro,nan,nan,nan,nan,nan,nan,nan,nan,nan,nan,nan,nan,nan,nan,nan,nan,nan,nan,nan,nan,nan,nan,nan,nan,nan,nan,nan,nan,nan,nan,nan,nan,"R$108.452,00","R$123.355,00","R$108.163,56",657,nan,nan,nan,nan
TO,Economia Digital &#8211; Startup,nan,nan,nan,nan,,2016,Novembro,nan,nan,nan,nan,nan,nan,nan,nan,nan,nan,nan,nan,nan,nan,nan,nan,nan,nan,nan,nan,nan,nan,nan,nan,nan,nan,nan,nan,nan,nan,nan,nan,"R$110.000,00","R$197.678,00","R$198.391,45",922,nan,nan,nan,nan
TO,Educação Empreendedora - Atendimento,nan,nan,nan,nan,,2016,Novembro,nan,nan,nan,nan,nan,nan,nan,nan,nan,nan,nan,nan,nan,nan,nan,nan,nan,nan,nan,nan,nan,nan,nan,nan,nan,nan,nan,nan,nan,nan,nan,nan,"R$0,00","R$118.680,00","R$105.374,79",0,nan,nan,nan,nan
TO,Modernização dos espaços educacionais,nan,nan,nan,nan,,2016,Novembro,nan,nan,nan,nan,nan,nan,nan,nan,nan,nan,nan,nan,nan,nan,nan,nan,nan,nan,nan,nan,nan,nan,nan,nan,nan,nan,nan,nan,nan,nan,nan,nan,"R$80.000,00","R$80.000,00","R$79.876,11",0,nan,nan,nan,nan
TO,Turismo,nan,nan,nan,nan,,2016,Novembro,nan,nan,nan,nan,nan,nan,nan,nan,nan,nan,nan,nan,nan,nan,nan,nan,nan,nan,nan,nan,nan,nan,nan,nan,nan,nan,nan,nan,nan,nan,nan,nan,"R$952.538,00","R$844.607,00","R$568.114,35",588,nan,nan,nan,nan
TO,Agentes Locais de Inovação,nan,nan,nan,nan,,2015,Novembro,nan,nan,nan,nan,nan,nan,nan,nan,nan,nan,nan,nan,nan,nan,nan,nan,nan,nan,nan,nan,nan,nan,nan,nan,nan,nan,nan,nan,nan,nan,nan,nan,nan,nan,nan,nan,"R$0,00","R$103.675,00","R$103.583,80",0
TO,Educação Empreendedora - Atendimento,nan,nan,nan,nan,,2015,Novembro,nan,nan,nan,nan,nan,nan,nan,nan,nan,nan,nan,nan,nan,nan,nan,nan,nan,nan,nan,nan,nan,nan,nan,nan,nan,nan,nan,nan,nan,nan,nan,nan,nan,nan,nan,nan,"R$1.403.130,00","R$1.475.526,00","R$1.308.548,25",892
TO,Encadeamento Produtivo,nan,nan,nan,nan,,2015,Novembro,nan,nan,nan,nan,nan,nan,nan,nan,nan,nan,nan,nan,nan,nan,nan,nan,nan,nan,nan,nan,nan,nan,nan,nan,nan,nan,nan,nan,nan,nan,nan,nan,nan,nan,nan,nan,"R$243.050,00","R$0,00","R$0,00",0
TO,Negócio a Negócio,nan,nan,nan,nan,,2015,Novembro,nan,nan,nan,nan,nan,nan,nan,nan,nan,nan,nan,nan,nan,nan,nan,nan,nan,nan,nan,nan,nan,nan,nan,nan,nan,nan,nan,nan,nan,nan,nan,nan,nan,nan,nan,nan,"R$396.800,00","R$422.000,00","R$283.776,89",0
TO,PJ - Circuito Feira do Empreendedor,nan,nan,nan,nan,,2015,Novembro,nan,nan,nan,nan,nan,nan,nan,nan,nan,nan,nan,nan,nan,nan,nan,nan,nan,nan,nan,nan,nan,nan,nan,nan,nan,nan,nan,nan,nan,nan,nan,nan,nan,nan,nan,nan,"R$0,00","R$368.000,00","R$249.077,98",0
TO,PJ - Desenvolvimento Econômico Territorial,nan,nan,nan,nan,,2015,Novembro,nan,nan,nan,nan,nan,nan,nan,nan,nan,nan,nan,nan,nan,nan,nan,nan,nan,nan,nan,nan,nan,nan,nan,nan,nan,nan,nan,nan,nan,nan,nan,nan,nan,nan,nan,nan,"R$266.622,00","R$109.668,00","R$0,00",0
TO,PJ - Promoção de Serviços Nacionais SEBRAE no Atendimento Individual Presencial,nan,nan,nan,nan,,2015,Novembro,nan,nan,nan,nan,nan,nan,nan,nan,nan,nan,nan,nan,nan,nan,nan,nan,nan,nan,nan,nan,nan,nan,nan,nan,nan,nan,nan,nan,nan,nan,nan,nan,nan,nan,nan,nan,"R$228.500,00","R$675.969,00","R$623.019,40",4.450
TO,PJ - Sebrae Digital,nan,nan,nan,nan,,2015,Novembro,nan,nan,nan,nan,nan,nan,nan,nan,nan,nan,nan,nan,nan,nan,nan,nan,nan,nan,nan,nan,nan,nan,nan,nan,nan,nan,nan,nan,nan,nan,nan,nan,nan,nan,nan,nan,"R$0,00","R$0,00","R$0,00",7.376
TO,Sebrae Mais,nan,nan,nan,nan,,2015,Novembro,nan,nan,nan,nan,nan,nan,nan,nan,nan,nan,nan,nan,nan,nan,nan,nan,nan,nan,nan,nan,nan,nan,nan,nan,nan,nan,nan,nan,nan,nan,nan,nan,nan,nan,nan,nan,"R$0,00","R$40.856,00","R$18.854,60",0
TO,Sebraetec,nan,nan,nan,nan,,2015,Novembro,nan,nan,nan,nan,nan,nan,nan,nan,nan,nan,nan,nan,nan,nan,nan,nan,nan,nan,nan,nan,nan,nan,nan,nan,nan,nan,nan,nan,nan,nan,nan,nan,nan,nan,nan,nan,"R$1.039.660,00","R$1.699.293,00","R$1.311.401,88",2.879
